Workbook

Sheet BAOCAOKD.TBLNGUOIDUNG
A1: NGUOIDUNGID | B1: HOVATEN | C1: TENDANGNHAP | D1: MATKHAU | E1: EMAIL | F1: DIENTHOAI | G1: AFLOGINID | H1: DANHSACHUYQUYEN | I1: PHONGBANID | J1: COQUANBOID | K1: ADLOGINID | L1: BOPHANQUANLY | M1: BAOCAODEN | N1: NHANVIENQUANLY | O1: NGAYSINH | P1: GIOITINH | Q1: CHUCVU | R1: MANHANVIEN | S1: CAPBAC | T1: NAMBATDAUKINHNGHIEM | U1: SOCCCD | V1: NGAYCAP | W1: NOICAP | X1: QUEQUAN | Y1: DIACHIHIENTAI | Z1: TRUONGHOC | AA1: NGANHHOC | AB1: TRINHDONGOAINGU | AC1: NGAYCHINHTHUCLAMVIEC | AD1: MASOTHUE | AE1: SOSOBH | AF1: BIENSOXE | AG1: VANPHONGID | AH1: THANHPHANGIADINH | AI1: DIADIEMLAMVIEC | AJ1: DIACHITHUONGTRU | AK1: TINHTRANGHONNHAN | AL1: NGOAINGUKHAC | AM1: CHUYENNGANHKHAC | AN1: HOPDONGHIENTAI | AO1: SOHOPDONGLAODONG | AP1: TUNGAY | AQ1: DENNGAY | AR1: SOTAIKHOANLUONG | AS1: NGUOILIENHE | AT1: DIENTHOAINGUOILIENHE | AU1: QUANHE | AV1: SONGUOIGIAMTRU | AW1: MASONGUOIPHUTHUOC | AX1: DATIEMVACXIN | AY1: LOAIVACXIN | AZ1: NGAYBATDAUDILAM | BA1: PHONGBANIDMAP | BB1: COQUANBOIDMAP | BC1: BAOCAODENMAP | BD1: DATIEMVACXINMAP | BE1: TINHTRANGHONNHANMAP
A2: 2011 | B2: Vũ Linh Chi | C2: chi-vl | D2: 2533F598DF3A9C6F2FE3868C149E1953 | E2: chi-vl@hipt.vn | F2: 0946690499 | G2: 1 | I2: 505 | J2: 147 | K2: chi-vl | M2: 1971 | O2: 36787 | P2: 0 | S2: E | T2: 2022 | U2: 036300002565 | W2: Cục cảnh sát QLHC về TTXH | Y2: 26/64/67 Thái Thịnh, phường Thịnh Quang, quận Đống Đa, Hà Nội | Z2: Trường Đại học Kinh tế Quốc dân | AA2: Tài chính - Ngân hàng | AB2: Business | AF2: 18B1-25886 | AG2: 1 | AJ2: 45Đ - ô 19, phường Hạ Long, TP. Nam Định, tỉnh Nam Định | AK2: Độc thân | AM2: Kinh tế quốc tế (Đại học Kinh tế Quốc dân, 2025) | AS2: Hoàng Thị Tố Nga | AT2: 0918951967 | AU2: Mẹ ruột | AV2: 0 | AX2: Đã tiêm mũi 3 | AY2: AstraZeneca (15/9/2021, 14/11/2021, 31/3/2022 | BA2: =VLOOKUP(I2,DMPHONGBAN!$E$4:$G$25,3,FALSE) -> FD76EBDF-3B23-44A2-B945-0C95252C9FA5 | BB2: =VLOOKUP(J2,DMCOQUANBO!$D$6:$F$10,3,FALSE) -> 9CBA3840-9183-4802-B5E9-2F89F7752343 | BC2: =VLOOKUP(M2,taikhoan!$A$5:$B$208,2,FALSE) -> 93f0f235-d7ed-4285-b921-30195e5bc1ef | BD2: =VLOOKUP(AX2,tiemvacxin!$C$4:$D$7,2,FALSE) -> MUI3 | BE2: =VLOOKUP(AK2,TinhTrangHonNhan!$C$6:$D$8,2,FALSE) -> DocThan
A3: 1669 | B3: Phạm Văn Tiến | C3: tien-pv | D3: 13EC5C2659AFE0358111929B298ADF83 | E3: tien-pv@hipt.vn | F3: 0879488111 | G3: 1 | I3: 505 | J3: 147 | M3: 1621 | O3: 29614 | P3: 1 | Q3: Chuyên viên | S3: C | T3: 2002 | U3: 001081052631 | V3: 7801 | W3: Hà Nội | X3: Cao Cương, Đông Quang, Ba Vì, Hà Nội | Y3: Số 5/20 Đường Mỹ Đình,P.Mỹ Đình 2,Q. Nam Từ Liêm, Hà Nội | Z3: Cao đẳng Công nghiệp Hà Nội | AA3: Tin học | AB3: Conversation | AC3: 43479 | AD3: 8011677736 | AE3: 0110040752 | AF3: 29-V1-10759 | AG3: 1 | AH3: Vợ: Nguyễn Thị Lân - 1984; Con: Phạm Nguyễn Bảo Nguyên - 2011; Phạm Mình Khang - 2020 | AJ3: Cao Cương, Đông Quang, Ba Vì, Hà Nội | AK3: Đã có gia đình | AN3: XĐTH | AO3: 07-19 | AP3: 43479 | AQ3: 43478 | AR3: 0541000235098 | AS3: Nguyễn Thị Lân | AT3: 0982631050 | AU3: Vợ | AV3: 0 | AX3: Đã tiêm mũi 2 | AY3: Moderna 12/08/2021 | AZ3: 43479 | BA3: =VLOOKUP(I3,DMPHONGBAN!$E$4:$G$25,3,FALSE) -> FD76EBDF-3B23-44A2-B945-0C95252C9FA5 | BB3: =VLOOKUP(J3,DMCOQUANBO!$D$6:$F$10,3,FALSE) -> 9CBA3840-9183-4802-B5E9-2F89F7752343 | BC3: =VLOOKUP(M3,taikhoan!$A$5:$B$208,2,FALSE) -> 716336b8-0698-49d0-a65c-b5f45d724099 | BD3: =VLOOKUP(AX3,tiemvacxin!$C$4:$D$7,2,FALSE) -> MUI2 | BE3: =VLOOKUP(AK3,TinhTrangHonNhan!$C$6:$D$8,2,FALSE) -> CoGiaDinh
A4: 1919 | B4: Mai Thế Bằng | C4: bang-mt | D4: 08CF258B092FF678050E7C109E5DF8CB | E4: bang-mt@hipt.vn | G4: 1 | I4: 505 | J4: 147 | M4: 1621 | O4: 34606 | P4: 1 | S4: C | U4: 001094000796 | V4: 7786 | W4: Cục cảnh sát QLHC về TTXH | Y4: Số 369 Đường Thụy Phương, Bắc Từ Liêm, Hà Nội | AB4: Conversation | AC4: 44027 | AF4: 29L1-43645 | AG4: 1 | AJ4: TDP Đại Đồng, Thụy Phương, Bắc Từ Liêm, Hà Nội | AK4: Độc thân | AS4: Mai Thế Công | AT4: 0948801091 | AU4: Anh Trai | AV4: 0 | AX4: Đã tiêm mũi 3 | AY4: 03-01-2022 / AstraZeneca | BA4: =VLOOKUP(I4,DMPHONGBAN!$E$4:$G$25,3,FALSE) -> FD76EBDF-3B23-44A2-B945-0C95252C9FA5 | BB4: =VLOOKUP(J4,DMCOQUANBO!$D$6:$F$10,3,FALSE) -> 9CBA3840-9183-4802-B5E9-2F89F7752343 | BC4: =VLOOKUP(M4,taikhoan!$A$5:$B$208,2,FALSE) -> 716336b8-0698-49d0-a65c-b5f45d724099 | BD4: =VLOOKUP(AX4,tiemvacxin!$C$4:$D$7,2,FALSE) -> MUI3 | BE4: =VLOOKUP(AK4,TinhTrangHonNhan!$C$6:$D$8,2,FALSE) -> DocThan
A5: 1666 | B5: Vũ Đức Chính | C5: chinh-vd | D5: A9B76F68325F8EBBDB8CC025321FA214 | E5: chinh-vd@hipt.vn | F5: 0943831383 | G5: 1 | I5: 505 | J5: 147 | M5: 1621 | O5: 31698 | P5: 1 | Q5: Chuyên viên | S5: D | T5: 2011 | U5: 033086003713 | V5: 8032 | W5: CỤC CẢNH SÁT QUẢN LÝ HÀNH CHÍNH VỀ TRẬT TỰ XÃ HỘI | Y5: 206 nhà A, Đội Nhân, Vĩnh Phúc, Ba Đình, Hà Nội | Z5: Aptech Computer Education | AA5: Software Engineering | AB5: Conversation | AD5: 8575502377 | AE5: 0112102769 | AF5: 89G1-01154 | AG5: 1 | AH5: Vợ: Đoàn Hương Giang(1986), Con gái: Vũ Giang Nhi(2015), Con trai: Vũ Duy Khánh(2017) | AJ5: 206 nhà A, Đội Nhân, Vĩnh Phúc, Ba Đình, Hà Nội | AK5: Đã có gia đình | AN5: XĐTH | AO5: 18-21 | AP5: 44392 | AQ5: 45487 | AR5: 0451000216545 | AS5: Đoàn Hương Giang | AT5: 0983860311 | AU5: Vợ | AV5: 0 | AX5: Đã tiêm mũi 1 | AY5: Moderna - 12/08/2021 | AZ5: 44027 | BA5: =VLOOKUP(I5,DMPHONGBAN!$E$4:$G$25,3,FALSE) -> FD76EBDF-3B23-44A2-B945-0C95252C9FA5 | BB5: =VLOOKUP(J5,DMCOQUANBO!$D$6:$F$10,3,FALSE) -> 9CBA3840-9183-4802-B5E9-2F89F7752343 | BC5: =VLOOKUP(M5,taikhoan!$A$5:$B$208,2,FALSE) -> 716336b8-0698-49d0-a65c-b5f45d724099 | BD5: =VLOOKUP(AX5,tiemvacxin!$C$4:$D$7,2,FALSE) -> MUI1 | BE5: =VLOOKUP(AK5,TinhTrangHonNhan!$C$6:$D$8,2,FALSE) -> CoGiaDinh

Sheet DMPHONGBAN
C3: Id | D3: COQUANBO_Id | E3: Code | F3: Name | G3: Id
C4: CFC445F0-9B10-4BD4-BB0D-0253B13EDE67 | D4: E392E461-9855-456B-8619-FD982340BA15 | E4: 526 | F4: PHÒNG TÀI CHÍNH | G4: CFC445F0-9B10-4BD4-BB0D-0253B13EDE67
C5: FD76EBDF-3B23-44A2-B945-0C95252C9FA5 | D5: 9CBA3840-9183-4802-B5E9-2F89F7752343 | E5: 505 | F5: PHÒNG KỸ THUẬT | G5: FD76EBDF-3B23-44A2-B945-0C95252C9FA5
C6: BFC918CA-B7A7-4535-9AB9-108B3338C846 | D6: E392E461-9855-456B-8619-FD982340BA15 | E6: 435 | F6: PHÒNG MUA HÀNG | G6: BFC918CA-B7A7-4535-9AB9-108B3338C846
C7: 1F7800D9-CED1-45B0-805E-15BDEA4D7B28 | D7: 5D950670-5A05-4BFB-828B-04DC17136530 | E7: 504 | F7: TRUNG TÂM KINH DOANH SÀI GÒN | G7: 1F7800D9-CED1-45B0-805E-15BDEA4D7B28
C8: 66E998E5-562B-4F67-A708-1A0944854255 | D8: E392E461-9855-456B-8619-FD982340BA15 | E8: 434 | F8: PHÒNG HỒ SƠ THẦU | G8: 66E998E5-562B-4F67-A708-1A0944854255
C9: 07D7B740-0915-4B9D-B337-2D6D7F080701 | D9: 5D950670-5A05-4BFB-828B-04DC17136530 | E9: 446 | F9: CHI NHÁNH HỒ CHÍ MINH | G9: 07D7B740-0915-4B9D-B337-2D6D7F080701
C10: 4212BC7E-B19C-495C-80A0-2DF257B655A9 | D10: E392E461-9855-456B-8619-FD982340BA15 | E10: 440 | F10: TRUNG TÂM MẠNG VÀ AN TOÀN THÔNG TIN | G10: 4212BC7E-B19C-495C-80A0-2DF257B655A9
C11: 677A3CB8-5FE5-47B8-B7B1-41ACDA0CA6AC | D11: 9CBA3840-9183-4802-B5E9-2F89F7752343 | E11: 444 | F11: PHÒNG KINH DOANH (SSS) | G11: 677A3CB8-5FE5-47B8-B7B1-41ACDA0CA6AC
C12: 4603B310-15AA-4D46-9FA1-4F58BDCC4690 | D12: CE470562-72FF-4F77-9A51-B59884E7784C | E12: 445 | F12: BAN GIÁM ĐỐC HIPT PHẦN MỀM | G12: 4603B310-15AA-4D46-9FA1-4F58BDCC4690
C13: 0A1CCA25-B251-4AE1-B627-7560FA6DA932 | D13: E392E461-9855-456B-8619-FD982340BA15 | E13: 438 | F13: TRUNG TÂM KINH DOANH DOANH NGHIỆP | G13: 0A1CCA25-B251-4AE1-B627-7560FA6DA932
C14: 4859789B-D629-49D6-9938-75A6FCC867AB | D14: E392E461-9855-456B-8619-FD982340BA15 | E14: 545 | F14: TRUNG TÂM TƯ VẤN GIẢI PHÁP | G14: 4859789B-D629-49D6-9938-75A6FCC867AB
C15: 12F8EA75-8F27-464C-8E6E-79C9C14DA0BE | D15: E392E461-9855-456B-8619-FD982340BA15 | E15: 443 | F15: TRUNG TÂM BẢO HÀNH | G15: 12F8EA75-8F27-464C-8E6E-79C9C14DA0BE
... C25: C23D2349-A8D3-4EAD-8CCA-E705BB3311D9 | D25: E392E461-9855-456B-8619-FD982340BA15 | E25: 411 | F25: BAN TỔNG GIÁM ĐỐC | G25: C23D2349-A8D3-4EAD-8CCA-E705BB3311D9

Sheet DMCOQUANBO
C5: Id | D5: Code | E5: Name | F5: Id
C6: 5D950670-5A05-4BFB-828B-04DC17136530 | D6: 145 | E6: VĂN PHÒNG HỒ CHÍ MINH | F6: 5D950670-5A05-4BFB-828B-04DC17136530
C7: 9CBA3840-9183-4802-B5E9-2F89F7752343 | D7: 147 | E7: CÔNG TY CỔ PHẦN HIPT DX | F7: 9CBA3840-9183-4802-B5E9-2F89F7752343
C8: 866B6CE2-7648-4F19-B60D-A6F0BE163473 | D8: 146 | E8: CÔNG TY CỔ PHẦN HIPT | F8: 866B6CE2-7648-4F19-B60D-A6F0BE163473
C9: CE470562-72FF-4F77-9A51-B59884E7784C | D9: 125 | E9: CÔNG TY TNHH HIPT PHẦN MỀM | F9: CE470562-72FF-4F77-9A51-B59884E7784C
C10: E392E461-9855-456B-8619-FD982340BA15 | D10: 104 | E10: CÔNG TY CỔ PHẦN TẬP ĐOÀN HIPT | F10: E392E461-9855-456B-8619-FD982340BA15

Sheet taikhoan
A4: ID | B4: ID Map | C4: Họ Và Tên | D4: Tên Đăng Nhập | E4: Tài khoản | F4: Id | G4: UserName | H4: NormalizedUserName | I4: FullName | J4: Email | K4: Email2 | L4: UserName2 | M4: Id
A5: 1577 | B5: =VLOOKUP(E5,$K$5:$M$208,3,FALSE) -> #N/A | C5: Nguyễn Minh Đức | D5: duc-nm | E5: duc-nm@hipt.vn | F5: 031fbaae-9ec8-400a-92ae-2426cee91f4c | G5: TK-GW-00001.TK-GW-00001-DB-0001.VUMINH.THAI@KUNAI.TV | H5: TK-GW-00001.TK-GW-00001-DB-0001.VUMINH.THAI@KUNAI.TV | I5: Thái 1 | J5: TK-GW-00001.TK-GW-00001-DB-0001.VUMINH.THAI@KUNAI.TV | K5: VUMINH.THAI@KUNAI.TV | L5: VUMINH.THAI@KUNAI.TV | M5: 031fbaae-9ec8-400a-92ae-2426cee91f4c
A6: 1593 | B6: =VLOOKUP(E6,$K$5:$M$208,3,FALSE) -> #N/A | C6: Lê Thị Thảo | D6: thao-lt | E6: thao-lt@hipt.vn | F6: 04d633c1-8586-4bac-a290-08dd702d4f19 | G6: TK-GW-00001.TK-GW-00001-DB-0001.TEST@ASDAD | H6: TK-GW-00001.TK-GW-00001-DB-0001.TEST@ASDAD | I6: NULL | J6: TK-GW-00001.TK-GW-00001-DB-0001.TEST@ASDAD | K6: TEST@ASDAD | L6: TEST@ASDAD | M6: 04d633c1-8586-4bac-a290-08dd702d4f19
A7: 1658 | B7: =VLOOKUP(E7,$K$5:$M$208,3,FALSE) -> #N/A | C7: Quách Ngọc Phú | D7: phu-qn | E7: phu-qn@hipt.vn | F7: 1058fe35-0f5c-49cf-90a6-7dac935f137c | G7: TK-GW-00001.TK-GW-00001-DB-0001.TEST123@123 | H7: TK-GW-00001.TK-GW-00001-DB-0001.TEST123@123 | I7: NULL | J7: TK-GW-00001.TK-GW-00001-DB-0001.TEST123@123 | K7: TEST123@123 | L7: TEST123@123 | M7: 1058fe35-0f5c-49cf-90a6-7dac935f137c
A8: 1660 | B8: =VLOOKUP(E8,$K$5:$M$208,3,FALSE) -> #N/A | C8: Nguyễn Thị Oanh | D8: oanh-nt | E8: oanh-nt@hipt.vn | F8: 15dbfad6-e41b-47e2-a655-8b9713ba0b54 | G8: TK-GW-00001.TK-GW-00001-DB-0001.PHUONGHAISE@GMAIL.COM | H8: TK-GW-00001.TK-GW-00001-DB-0001.PHUONGHAISE@GMAIL.COM | I8: hải 111 | J8: TK-GW-00001.TK-GW-00001-DB-0001.PHUONGHAISE@GMAIL.COM | K8: PHUONGHAISE@GMAIL.COM | L8: PHUONGHAISE@GMAIL.COM | M8: 15dbfad6-e41b-47e2-a655-8b9713ba0b54
A9: 1663 | B9: =VLOOKUP(E9,$K$5:$M$208,3,FALSE) -> #N/A | C9: Nguyễn Phương Dung | D9: dung-np | E9: dung-np@hipt.vn | F9: 27673064-8923-49ff-9a7a-8b93546ed67c | G9: TK-GW-00001.TK-GW-00001-DB-0001.CHI-VL@HIPT.VN | H9: TK-GW-00001.TK-GW-00001-DB-0001.CHI-VL@HIPT.VN | I9: NULL | J9: TK-GW-00001.TK-GW-00001-DB-0001.CHI-VL@HIPT.VN | K9: CHI-VL@HIPT.VN | L9: CHI-VL@HIPT.VN | M9: 27673064-8923-49ff-9a7a-8b93546ed67c
A10: 1665 | B10: =VLOOKUP(E10,$K$5:$M$208,3,FALSE) -> #N/A | C10: Nguyễn Văn Quý | D10: quy-nv | E10: quy-nv@hipt.vn | F10: 65eabb6f-354c-41d6-8c00-987cf1802ee3 | G10: TK-GW-00001.TK-GW-00001-DB-0001.HUONGTRUONG | H10: TK-GW-00001.TK-GW-00001-DB-0001.HUONGTRUONG | I10: Trương Thị Hương | J10: TK-GW-00001.TK-GW-00001-DB-0001.HUONGTRUONG1907@GMAIL.COM | K10: HUONGTRUONG1907@GMAIL.COM | L10: HUONGTRUONG | M10: 65eabb6f-354c-41d6-8c00-987cf1802ee3
A11: 1666 | B11: =VLOOKUP(E11,$K$5:$M$208,3,FALSE) -> #N/A | C11: Vũ Đức Chính | D11: chinh-vd | E11: chinh-vd@hipt.vn | F11: 6692ee95-81cb-4631-8711-9c9921c50ce7 | G11: TK-GW-00001.TK-GW-00001-DB-0001.HOANGNGUYENAOF2210@GMAIL.COM | H11: TK-GW-00001.TK-GW-00001-DB-0001.HOANGNGUYENAOF2210@GMAIL.COM | I11: Nguyễn Quốc Hoàng | J11: TK-GW-00001.TK-GW-00001-DB-0001.HOANGNGUYENAOF2210@GMAIL.COM | K11: HOANGNGUYENAOF2210@GMAIL.COM | L11: HOANGNGUYENAOF2210@GMAIL.COM | M11: 6692ee95-81cb-4631-8711-9c9921c50ce7
A12: 1668 | B12: =VLOOKUP(E12,$K$5:$M$208,3,FALSE) -> #N/A | C12: Nguyễn Ngọc Quang | D12: quang-nn1 | E12: quang-nn1@hipt.vn | F12: 66a98746-ba51-4a97-8730-425736f96329 | G12: TK-GW-00001.TK-GW-00001-DB-0001.HNG8234@GMAIL.COM | H12: TK-GW-00001.TK-GW-00001-DB-0001.HNG8234@GMAIL.COM | I12: hai 2 | J12: TK-GW-00001.TK-GW-00001-DB-0001.HNG8234@GMAIL.COM | K12: HNG8234@GMAIL.COM | L12: HNG8234@GMAIL.COM | M12: 66a98746-ba51-4a97-8730-425736f96329
A13: 1671 | B13: =VLOOKUP(E13,$K$5:$M$208,3,FALSE) -> #N/A | C13: Phạm Gia Anh Thư | D13: thu-pga | E13: thu-pga@hipt.vn | F13: 716336b8-0698-49d0-a65c-b5f45d724099 | G13: TK-GW-00001.TK-GW-00001-DB-0001.ADMIN | H13: TK-GW-00001.TK-GW-00001-DB-0001.ADMIN | I13: Administrator | J13: TK-GW-00001.TK-GW-00001-DB-0001.thaivuminh1013@gmail.com | K13: thaivuminh1013@gmail.com | L13: ADMIN | M13: 716336b8-0698-49d0-a65c-b5f45d724099
A14: 1673 | B14: =VLOOKUP(E14,$K$5:$M$208,3,FALSE) -> #N/A | C14: Nguyễn Kiêm Thắng | D14: thang-nk | E14: thang-nk@hipt.vn | F14: 77afa778-4c49-4059-8885-c01d8c472288 | G14: TK-GW-00001.TK-GW-00001-DB-0001.ABC@ABC.COM | H14: TK-GW-00001.TK-GW-00001-DB-0001.ABC@ABC.COM | I14: aaaa | J14: TK-GW-00001.TK-GW-00001-DB-0001.ABC@ABC.COM | K14: ABC@ABC.COM | L14: ABC@ABC.COM | M14: 77afa778-4c49-4059-8885-c01d8c472288
A15: 1675 | B15: =VLOOKUP(E15,$K$5:$M$208,3,FALSE) -> #N/A | C15: Trần Hữu Tuệ | D15: tue-th | E15: tue-th@hipt.vn | F15: 7ac78a65-36dd-401f-81a4-91d30c754d17 | G15: TK-GW-00001.TK-GW-00001-DB-0001.THAIVUMINH10131@GMAIL.COM | H15: TK-GW-00001.TK-GW-00001-DB-0001.THAIVUMINH10131@GMAIL.COM | I15: Thái 2 | J15: TK-GW-00001.TK-GW-00001-DB-0001.THAIVUMINH10131@GMAIL.COM | K15: THAIVUMINH10131@GMAIL.COM | L15: THAIVUMINH10131@GMAIL.COM | M15: 7ac78a65-36dd-401f-81a4-91d30c754d17
A16: 1678 | B16: =VLOOKUP(E16,$K$5:$M$208,3,FALSE) -> #N/A | C16: Nguyễn Thế Giáp | D16: giap-nt | E16: giap-nt@hipt.vn | F16: 7d7bb2eb-9c04-406c-bbd7-a740e41fd8b0 | G16: TK-GW-00001.TK-GW-00001-DB-0001.HUONGHOANG | H16: TK-GW-00001.TK-GW-00001-DB-0001.HUONGHOANG | I16: Hoàng Thị Hương | J16: TK-GW-00001.TK-GW-00001-DB-0001.TT_HUONG@VBP.EDU.VN | K16: TT_HUONG@VBP.EDU.VN | L16: HUONGHOANG | M16: 7d7bb2eb-9c04-406c-bbd7-a740e41fd8b0
... A30: 1547 | B30: =VLOOKUP(E30,$K$5:$M$208,3,FALSE) -> #N/A | C30: Cao Anh Đức | D30: duc-ca | E30: duc-ca@hipt.vn | F30: 716336b8-0698-49d0-a65c-b5f45d724099 | G30: TK-GW-00001.TK-GW-00001-DB-0001.ADMIN | H30: TK-GW-00001.TK-GW-00001-DB-0001.ADMIN | I30: Administrator | J30: TK-GW-00001.TK-GW-00001-DB-0001.thaivuminh1013@gmail.com | K30: admin_hc@hipt.vn | L30: admin_hc@hipt.vn | M30: 716336b8-0698-49d0-a65c-b5f45d724099
A31: 1551 | B31: =VLOOKUP(E31,$K$5:$M$208,3,FALSE) -> #N/A | C31: Phạm Văn Sơn | D31: son-pv | E31: son-pv@hipt.vn
A32: 1552 | B32: =VLOOKUP(E32,$K$5:$M$208,3,FALSE) -> #N/A | C32: Ngô Toàn Thắng | D32: thang-nt | E32: thang-nt@hipt.vn
A33: 1553 | B33: =VLOOKUP(E33,$K$5:$M$208,3,FALSE) -> #N/A | C33: Đỗ Mạnh Cường | D33: cuong-dm | E33: cuong-dm@hipt.vn
A34: 1554 | B34: =VLOOKUP(E34,$K$5:$M$208,3,FALSE) -> #N/A | C34: Đỗ Hoàng Anh | D34: anh-dh1 | E34: anh-dh1@hipt.vn
A35: 1556 | B35: =VLOOKUP(E35,$K$5:$M$208,3,FALSE) -> #N/A | C35: Hà Minh Vũ | D35: vu-hm | E35: vu-hm@hipt.vn
A36: 1557 | B36: =VLOOKUP(E36,$K$5:$M$208,3,FALSE) -> #N/A | C36: Nguyễn Minh Châu | D36: chau-nm | E36: chau-nm@hipt.vn
A37: 1560 | B37: =VLOOKUP(E37,$K$5:$M$208,3,FALSE) -> #N/A | C37: Vũ Ngọc Khánh | D37: khanh-vn | E37: khanh-vn@hipt.vn
A38: 1562 | B38: =VLOOKUP(E38,$K$5:$M$208,3,FALSE) -> #N/A | C38: Trịnh Thanh Hải | D38: hai-tt | E38: hai-tt@hipt.vn
A39: 1566 | B39: =VLOOKUP(E39,$K$5:$M$208,3,FALSE) -> #N/A | C39: Phạm Quốc Vượng | D39: vuong-pq | E39: vuong-pq@hipt.vn
A40: 1568 | B40: =VLOOKUP(E40,$K$5:$M$208,3,FALSE) -> #N/A | C40: Nguyễn Tiến Hưng | D40: hung-nt1 | E40: hung-nt1@hipt.vn
A41: 1589 | B41: =VLOOKUP(E41,$K$5:$M$208,3,FALSE) -> #N/A | C41: Lê Việt Dũng | D41: dungsc-lv | E41: dungsc-lv@hipt.vn
A42: 1578 | B42: =VLOOKUP(E42,$K$5:$M$208,3,FALSE) -> #N/A | C42: Nguyễn Trần Thành | D42: thanh-nt | E42: thanh-nt@hipt.vn
... A208: 2011 | B208: =VLOOKUP(E208,$K$5:$M$208,3,FALSE) -> 27673064-8923-49ff-9a7a-8b93546ed67c | C208: Vũ Linh Chi | D208: chi-vl | E208: chi-vl@hipt.vn

Sheet tiemvacxin
C4: Chưa tiêm | D4: CHUATIEM
C5: Đã tiêm mũi 1 | D5: MUI1
C6: Đã tiêm mũi 2 | D6: MUI2
C7: Đã tiêm mũi 3 | D7: MUI3

Sheet TinhTrangHonNhan
C6: Độc thân | D6: DocThan
C7: Đã có gia đình | D7: CoGiaDinh
C8: Đã ly hôn | D8: LyHon
